sale_id,order_id,customer_id,product_id,campaign_id,sale_date,quantity,unit_price,trade_in_value,total_amount,currency,country,city,sales_channel,payment_method
1,ORD1001,8,10,46,2023-01-19,2,119900,0,239800,INR,China,Toronto,Reseller,Cash
2,ORD1002,88,6,22,2022-06-29,1,109900,5000,104900,INR,Japan,Madrid,Retail,Net Banking
3,ORD1003,75,5,30,2023-04-18,2,99900,0,199800,INR,UAE,Mumbai,Reseller,Debit Card
4,ORD1004,87,6,10,2023-03-29,2,109900,5000,214800,INR,UAE,Rome,Apple Store,Net Banking
5,ORD1005,39,7,50,2024-05-23,2,129900,0,259800,INR,China,Mexico City,Apple Store,Cash
6,ORD1006,38,10,3,2024-04-29,2,119900,0,239800,INR,India,Seoul,Online,Cash
7,ORD1007,96,16,37,2024-03-05,1,169900,5000,164900,INR,Italy,Manchester,Retail,Cash
8,ORD1008,33,5,13,2024-07-14,1,99900,0,99900,INR,Australia,Bangalore,Apple Store,UPI
9,ORD1009,12,10,42,2024-02-05,2,119900,0,239800,INR,China,New York,Apple Store,Cash
10,ORD1010,65,9,22,2022-09-21,2,109900,0,219800,INR,Italy,Pune,Reseller,Credit Card
11,ORD1011,19,8,51,2024-09-17,2,149900,0,299800,INR,Japan,Mumbai,Apple Store,Cash
12,ORD1012,16,15,48,2023-11-20,2,149900,5000,294800,INR,Japan,Dubai,Online,UPI
13,ORD1013,61,1,42,2024-07-26,1,79900,10000,69900,INR,USA,Tokyo,Apple Store,Net Banking
14,ORD1014,15,5,6,2024-08-26,1,99900,0,99900,INR,Australia,Pune,Online,UPI
15,ORD1015,69,5,50,2023-04-10,2,99900,10000,189800,INR,Mexico,Rome,Retail,Net Banking
17,ORD1017,57,8,47,2022-04-12,2,149900,5000,294800,INR,Italy,Bangalore,Reseller,Debit Card
18,ORD1018,25,4,59,2022-04-04,1,129900,10000,119900,INR,South Korea,Mumbai,Online,Debit Card
19,ORD1019,32,5,27,2022-03-12,1,99900,5000,94900,INR,China,Manchester,Apple Store,UPI
20,ORD1020,77,1,36,2024-05-29,1,79900,0,79900,INR,Mexico,Shanghai,Retail,Credit Card
21,ORD1021,85,1,17,2022-01-16,2,79900,0,159800,INR,South Korea,Ahmedabad,Online,UPI
22,ORD1022,34,2,17,2024-01-30,2,89900,5000,174800,INR,USA,Delhi,Reseller,Net Banking
23,ORD1023,100,12,14,2023-04-08,1,159900,5000,154900,INR,India,Toronto,Apple Store,Net Banking
24,ORD1024,83,1,8,2023-05-06,2,79900,0,159800,INR,USA,Sydney,Reseller,Credit Card
25,ORD1025,11,11,19,2022-03-09,1,139900,0,139900,INR,South Korea,Seoul,Apple Store,Net Banking
26,ORD1026,77,10,59,2023-06-02,2,119900,0,239800,INR,USA,Chicago,Retail,Net Banking
27,ORD1027,58,8,53,2022-12-14,2,149900,0,299800,INR,Japan,Pune,Apple Store,Net Banking
28,ORD1028,41,9,48,2024-09-03,1,109900,10000,99900,INR,Australia,Delhi,Online,Credit Card
29,ORD1029,12,14,13,2024-02-02,2,129900,0,259800,INR,Mexico,Bangalore,Apple Store,Credit Card
30,ORD1030,53,12,55,2024-06-07,1,159900,0,159900,INR,South Korea,Beijing,Apple Store,Credit Card
31,ORD1031,74,7,20,2023-11-04,2,129900,0,259800,INR,USA,Dubai,Apple Store,Credit Card
32,ORD1032,98,9,29,2024-04-06,2,109900,5000,214800,INR,South Korea,Madrid,Online,Cash
33,ORD1033,85,9,4,2022-07-04,2,109900,10000,209800,INR,UAE,Ahmedabad,Apple Store,Credit Card
34,ORD1034,24,5,52,2022-03-13,1,99900,10000,89900,INR,India,Delhi,Retail,Net Banking
35,ORD1035,54,15,44,2022-06-11,2,149900,0,299800,INR,Italy,Seoul,Online,Credit Card
36,ORD1036,20,6,7,2023-11-22,1,109900,0,109900,INR,Australia,Rome,Reseller,Cash
37,ORD1037,57,14,35,2022-08-09,1,129900,0,129900,INR,Japan,Pune,Apple Store,Cash
38,ORD1038,63,10,6,2022-08-14,2,119900,5000,234800,INR,India,Mumbai,Retail,Debit Card
39,ORD1039,28,5,33,2022-10-24,2,99900,0,199800,INR,India,Sydney,Reseller,UPI
40,ORD1040,17,13,30,2023-05-28,2,119900,0,239800,INR,Japan,Bangalore,Reseller,Credit Card
41,ORD1041,59,3,41,2023-08-13,2,119900,5000,234800,INR,Japan,Rome,Apple Store,Credit Card
42,ORD1042,52,1,42,2022-06-25,2,79900,10000,149800,INR,Italy,Delhi,Reseller,Credit Card
43,ORD1043,32,14,52,2023-06-21,1,129900,0,129900,INR,UAE,Ahmedabad,Retail,Debit Card
44,ORD1044,100,6,10,2023-06-07,1,109900,5000,104900,INR,Mexico,London,Apple Store,Debit Card
45,ORD1045,94,5,31,2022-04-16,1,99900,0,99900,INR,China,Los Angeles,Retail,Credit Card
46,ORD1046,23,16,60,2024-02-12,2,169900,10000,329800,INR,South Korea,Madrid,Apple Store,Debit Card
47,ORD1047,20,15,9,2023-04-26,2,149900,10000,289800,INR,UAE,Shanghai,Online,Debit Card
48,ORD1048,65,3,40,2023-04-18,2,119900,0,239800,INR,India,Dubai,Apple Store,Credit Card
50,ORD1050,84,7,42,2023-09-12,2,129900,5000,254800,INR,UK,Bangalore,Reseller,Credit Card
52,ORD1052,67,6,47,2023-01-17,2,109900,0,219800,INR,Japan,Ahmedabad,Online,Debit Card
53,ORD1053,9,11,13,2023-07-26,2,139900,0,279800,INR,UAE,Madrid,Retail,Debit Card
54,ORD1054,11,5,45,2022-11-14,2,99900,0,199800,INR,South Korea,Delhi,Apple Store,Cash
55,ORD1055,49,11,17,2023-11-18,1,139900,10000,129900,INR,Japan,Toronto,Apple Store,Credit Card
56,ORD1056,47,10,24,2024-08-31,1,119900,0,119900,INR,Australia,London,Retail,UPI
57,ORD1057,20,3,38,2024-05-14,1,119900,5000,114900,INR,Mexico,Toronto,Online,Debit Card
58,ORD1058,99,5,49,2022-06-07,1,99900,0,99900,INR,South Korea,Los Angeles,Reseller,Credit Card
59,ORD1059,53,12,31,2024-09-19,2,159900,5000,314800,INR,UAE,Tokyo,Retail,Cash
62,ORD1062,7,16,48,2023-07-22,1,169900,10000,159900,INR,Mexico,Pune,Apple Store,Credit Card
63,ORD1063,98,6,35,2023-04-06,1,109900,0,109900,INR,USA,Manchester,Reseller,Debit Card
64,ORD1064,4,14,7,2023-02-10,2,129900,0,259800,INR,Japan,Delhi,Apple Store,UPI
65,ORD1065,4,11,13,2024-05-09,2,139900,0,279800,INR,UK,Bangalore,Apple Store,Net Banking
67,ORD1067,71,14,15,2024-03-05,2,129900,0,259800,INR,UAE,Pune,Online,UPI
68,ORD1068,54,15,9,2022-04-24,2,149900,5000,294800,INR,Mexico,Mumbai,Retail,UPI
69,ORD1069,38,14,1,2023-09-22,2,129900,0,259800,INR,South Korea,Rome,Retail,Credit Card
70,ORD1070,68,12,9,2024-09-03,1,159900,0,159900,INR,Australia,Bangalore,Reseller,Debit Card
71,ORD1071,33,1,46,2024-03-18,1,79900,0,79900,INR,China,Pune,Apple Store,UPI
72,ORD1072,6,12,44,2024-04-13,1,159900,10000,149900,INR,Australia,Sydney,Retail,UPI
73,ORD1073,9,15,5,2022-10-28,1,149900,0,149900,INR,China,Bangalore,Apple Store,Debit Card
75,ORD1075,84,11,35,2022-05-08,2,139900,0,279800,INR,Japan,Tokyo,Reseller,Debit Card
77,ORD1077,24,10,42,2022-04-16,1,119900,0,119900,INR,UAE,Beijing,Reseller,Cash
78,ORD1078,92,14,22,2023-12-08,2,129900,0,259800,INR,Australia,Bangalore,Apple Store,Cash
79,ORD1079,56,9,8,2022-03-18,2,109900,0,219800,INR,Mexico,Los Angeles,Online,UPI
80,ORD1080,78,15,5,2022-05-10,1,149900,0,149900,INR,Italy,Dubai,Reseller,Cash
81,ORD1081,5,5,58,2024-08-29,2,99900,0,199800,INR,Australia,Delhi,Retail,Cash
82,ORD1082,47,13,41,2023-10-28,2,119900,0,239800,INR,USA,Mumbai,Retail,Net Banking
83,ORD1083,67,13,16,2022-09-26,2,119900,10000,229800,INR,Australia,London,Apple Store,Net Banking
84,ORD1084,26,4,18,2024-05-23,1,129900,0,129900,INR,UK,Tokyo,Online,Debit Card
85,ORD1085,86,12,9,2023-07-18,2,159900,0,319800,INR,UK,Los Angeles,Apple Store,Cash
86,ORD1086,29,4,26,2024-03-22,1,129900,0,129900,INR,Australia,Mumbai,Apple Store,Cash
87,ORD1087,74,12,60,2024-04-02,1,159900,5000,154900,INR,USA,Delhi,Apple Store,Net Banking
88,ORD1088,92,16,53,2024-02-27,2,169900,5000,334800,INR,USA,New York,Apple Store,Credit Card
89,ORD1089,58,15,45,2022-05-12,1,149900,0,149900,INR,Japan,Toronto,Online,Credit Card
90,ORD1090,67,5,39,2022-06-18,1,99900,0,99900,INR,China,Dubai,Apple Store,Credit Card
91,ORD1091,33,7,36,2022-05-09,2,129900,5000,254800,INR,Mexico,Delhi,Retail,Cash
92,ORD1092,75,5,22,2023-11-06,2,99900,5000,194800,INR,India,Mumbai,Online,Credit Card
93,ORD1093,83,9,27,2024-02-25,2,109900,5000,214800,INR,India,Sydney,Apple Store,Debit Card
94,ORD1094,62,8,52,2022-11-01,2,149900,0,299800,INR,India,Los Angeles,Reseller,Net Banking
95,ORD1095,62,15,27,2022-12-15,1,149900,0,149900,INR,Italy,Dubai,Reseller,UPI
96,ORD1096,98,12,14,2022-11-23,1,159900,0,159900,INR,USA,Shanghai,Reseller,UPI
97,ORD1097,19,4,7,2022-10-25,2,129900,5000,254800,INR,Japan,Manchester,Retail,Debit Card
98,ORD1098,74,11,25,2024-02-21,1,139900,0,139900,INR,Mexico,Tokyo,Reseller,Debit Card
99,ORD1099,64,1,12,2024-08-25,2,79900,5000,154800,INR,Australia,Manchester,Retail,Cash
100,ORD1100,46,2,7,2022-10-16,2,89900,5000,174800,INR,Australia,Beijing,Online,Credit Card
101,ORD1101,56,5,34,2024-01-15,2,99900,0,199800,INR,Italy,Bangalore,Reseller,Credit Card
102,ORD1102,73,7,47,2023-07-21,2,129900,0,259800,INR,Japan,Toronto,Reseller,Cash
103,ORD1103,36,4,17,2024-09-25,1,129900,0,129900,INR,Italy,Ahmedabad,Apple Store,UPI
105,ORD1105,59,5,18,2022-12-02,2,99900,0,199800,INR,Japan,Madrid,Apple Store,Cash
106,ORD1106,44,16,39,2023-05-02,1,169900,0,169900,INR,Italy,Pune,Reseller,Cash
108,ORD1108,68,13,19,2024-04-21,1,119900,0,119900,INR,South Korea,Pune,Retail,Credit Card
109,ORD1109,57,11,54,2022-06-05,2,139900,10000,269800,INR,China,Rome,Reseller,Credit Card
110,ORD1110,91,5,27,2023-07-29,2,99900,10000,189800,INR,Australia,Toronto,Reseller,Debit Card
111,ORD1111,23,15,44,2023-07-14,2,149900,10000,289800,INR,UAE,Madrid,Reseller,UPI
112,ORD1112,32,9,39,2022-08-19,2,109900,0,219800,INR,China,Sydney,Apple Store,Net Banking
113,ORD1113,45,9,37,2022-05-05,2,109900,0,219800,INR,Italy,New York,Apple Store,Credit Card
114,ORD1114,37,3,45,2024-08-04,2,119900,10000,229800,INR,UAE,Sydney,Retail,UPI
115,ORD1115,69,9,35,2022-05-21,1,109900,5000,104900,INR,South Korea,Manchester,Retail,Credit Card
116,ORD1116,86,8,30,2022-02-23,1,149900,0,149900,INR,Italy,Sydney,Online,UPI
117,ORD1117,1,6,53,2023-10-31,2,109900,0,219800,INR,China,Beijing,Apple Store,Debit Card
118,ORD1118,83,2,12,2023-10-30,1,89900,5000,84900,INR,India,Los Angeles,Reseller,UPI
121,ORD1121,43,6,59,2023-10-26,2,109900,10000,209800,INR,UK,Mumbai,Apple Store,Debit Card
122,ORD1122,73,7,23,2023-09-18,2,129900,0,259800,INR,Mexico,Ahmedabad,Online,Net Banking
123,ORD1123,86,4,24,2022-05-24,2,129900,0,259800,INR,China,Mumbai,Apple Store,Net Banking
124,ORD1124,31,15,35,2024-09-03,2,149900,0,299800,INR,South Korea,Seoul,Online,Debit Card
125,ORD1125,84,12,31,2022-03-05,1,159900,0,159900,INR,UAE,Los Angeles,Reseller,Cash
126,ORD1126,91,10,16,2023-10-17,2,119900,0,239800,INR,South Korea,Manchester,Retail,UPI
127,ORD1127,62,5,59,2024-02-05,2,99900,0,199800,INR,Mexico,Sydney,Retail,UPI
128,ORD1128,88,3,58,2023-06-25,2,119900,0,239800,INR,South Korea,Pune,Online,Cash
129,ORD1129,65,7,20,2022-06-18,2,129900,5000,254800,INR,Australia,Pune,Retail,Cash
130,ORD1130,63,3,58,2024-04-08,1,119900,0,119900,INR,UK,Toronto,Reseller,Net Banking
131,ORD1131,73,2,60,2023-11-20,2,89900,10000,169800,INR,India,Mexico City,Apple Store,Credit Card
132,ORD1132,96,7,10,2022-02-16,2,129900,0,259800,INR,USA,Chicago,Online,Credit Card
133,ORD1133,61,2,37,2023-02-23,1,89900,0,89900,INR,Japan,Dubai,Reseller,Net Banking
134,ORD1134,49,13,11,2023-12-01,1,119900,10000,109900,INR,Italy,Pune,Retail,Cash
135,ORD1135,51,5,29,2024-05-04,1,99900,0,99900,INR,UAE,Tokyo,Reseller,Cash
136,ORD1136,49,8,32,2023-04-17,2,149900,0,299800,INR,UAE,London,Online,Credit Card
137,ORD1137,85,14,3,2022-09-04,1,129900,0,129900,INR,USA,Madrid,Online,Net Banking
138,ORD1138,77,2,32,2024-01-29,1,89900,0,89900,INR,Australia,Manchester,Retail,Credit Card
139,ORD1139,18,10,30,2024-04-15,2,119900,5000,234800,INR,South Korea,Ahmedabad,Retail,Debit Card
140,ORD1140,19,8,53,2022-11-04,2,149900,0,299800,INR,Mexico,Seoul,Retail,Net Banking
141,ORD1141,72,16,7,2024-09-22,2,169900,10000,329800,INR,Japan,Toronto,Apple Store,Net Banking
142,ORD1142,53,5,39,2023-01-21,1,99900,5000,94900,INR,Australia,Manchester,Retail,Debit Card
143,ORD1143,91,5,60,2024-07-25,1,99900,5000,94900,INR,Japan,Rome,Retail,Net Banking
144,ORD1144,32,9,27,2022-12-05,1,109900,0,109900,INR,Italy,Delhi,Retail,Credit Card
145,ORD1145,35,13,6,2024-06-13,1,119900,0,119900,INR,South Korea,Chicago,Retail,Net Banking
146,ORD1146,27,11,39,2024-09-06,1,139900,0,139900,INR,China,Pune,Reseller,UPI
147,ORD1147,90,7,51,2024-07-26,1,129900,5000,124900,INR,Italy,Beijing,Reseller,Net Banking
148,ORD1148,69,12,40,2022-09-25,2,159900,5000,314800,INR,Australia,Tokyo,Online,Net Banking
149,ORD1149,98,11,27,2023-01-15,2,139900,0,279800,INR,India,Seoul,Retail,UPI
150,ORD1150,3,9,54,2022-10-30,1,109900,0,109900,INR,Italy,Manchester,Reseller,Cash
151,ORD1151,32,16,44,2022-09-21,2,169900,10000,329800,INR,Australia,Tokyo,Retail,Debit Card
153,ORD1153,53,5,30,2022-03-11,1,99900,0,99900,INR,China,Toronto,Reseller,Debit Card
155,ORD1155,68,9,37,2022-01-18,2,109900,0,219800,INR,USA,Pune,Retail,UPI
156,ORD1156,25,9,46,2022-10-01,2,109900,0,219800,INR,Italy,Mexico City,Reseller,Cash
157,ORD1157,32,8,39,2023-12-02,1,149900,10000,139900,INR,India,Delhi,Reseller,Net Banking
158,ORD1158,49,16,8,2023-10-15,1,169900,10000,159900,INR,UK,Delhi,Reseller,Net Banking
159,ORD1159,83,11,13,2024-07-05,1,139900,0,139900,INR,China,Seoul,Reseller,Debit Card
160,ORD1160,6,3,36,2024-07-09,1,119900,0,119900,INR,Italy,Mumbai,Retail,Cash
161,ORD1161,19,13,10,2022-11-03,1,119900,5000,114900,INR,China,Seoul,Reseller,Cash
162,ORD1162,43,13,18,2024-03-20,1,119900,5000,114900,INR,Italy,Bangalore,Online,Net Banking
163,ORD1163,30,3,44,2023-09-12,2,119900,0,239800,INR,India,Shanghai,Reseller,Net Banking
164,ORD1164,30,12,49,2023-03-19,1,159900,10000,149900,INR,South Korea,Mexico City,Online,Cash
165,ORD1165,38,8,10,2022-03-26,2,149900,0,299800,INR,Japan,New York,Reseller,Debit Card
166,ORD1166,47,4,12,2022-01-06,2,129900,0,259800,INR,Italy,Shanghai,Online,UPI
167,ORD1167,12,6,56,2023-04-05,2,109900,0,219800,INR,India,Delhi,Apple Store,Cash
168,ORD1168,12,11,50,2022-01-13,2,139900,0,279800,INR,Japan,Delhi,Retail,Cash
169,ORD1169,67,6,49,2022-06-23,1,109900,0,109900,INR,UAE,Shanghai,Reseller,UPI
170,ORD1170,9,6,56,2022-10-10,2,109900,0,219800,INR,Australia,Delhi,Apple Store,Debit Card
171,ORD1171,32,16,26,2023-04-14,1,169900,0,169900,INR,UAE,Mumbai,Reseller,Debit Card
172,ORD1172,80,13,43,2023-03-27,2,119900,0,239800,INR,South Korea,New York,Apple Store,Debit Card
174,ORD1174,32,11,49,2022-10-15,2,139900,0,279800,INR,USA,Seoul,Retail,Cash
175,ORD1175,70,6,4,2024-09-02,2,109900,10000,209800,INR,China,Tokyo,Apple Store,Credit Card
176,ORD1176,53,16,18,2023-10-11,2,169900,0,339800,INR,UAE,New York,Reseller,Net Banking
178,ORD1178,90,3,14,2024-02-27,1,119900,10000,109900,INR,Italy,Los Angeles,Online,Cash
179,ORD1179,83,13,43,2024-09-15,2,119900,0,239800,INR,India,Pune,Apple Store,UPI
180,ORD1180,66,8,58,2023-01-19,2,149900,0,299800,INR,South Korea,Toronto,Retail,Debit Card
181,ORD1181,4,16,14,2022-10-30,2,169900,0,339800,INR,USA,New York,Apple Store,Debit Card
182,ORD1182,44,15,27,2023-06-18,2,149900,0,299800,INR,Australia,Pune,Reseller,Net Banking
183,ORD1183,41,3,39,2022-02-15,1,119900,0,119900,INR,Italy,Pune,Retail,UPI
184,ORD1184,67,6,21,2022-12-05,2,109900,0,219800,INR,China,Mexico City,Retail,UPI
185,ORD1185,82,14,51,2022-01-30,1,129900,0,129900,INR,South Korea,Rome,Reseller,Credit Card
186,ORD1186,91,7,27,2022-10-13,1,129900,5000,124900,INR,USA,Chicago,Retail,Debit Card
187,ORD1187,42,7,59,2022-04-27,2,129900,10000,249800,INR,Australia,Toronto,Apple Store,Cash
188,ORD1188,50,13,15,2022-12-23,2,119900,0,239800,INR,South Korea,Los Angeles,Apple Store,Cash
189,ORD1189,76,3,18,2022-11-17,1,119900,0,119900,INR,UAE,Pune,Retail,Debit Card
190,ORD1190,89,5,50,2023-03-05,1,99900,5000,94900,INR,Japan,Rome,Retail,Net Banking
191,ORD1191,82,6,22,2023-05-17,2,109900,0,219800,INR,UK,Ahmedabad,Reseller,Cash
192,ORD1192,7,12,2,2023-05-12,1,159900,0,159900,INR,Japan,Chicago,Reseller,Net Banking
193,ORD1193,88,16,54,2023-12-29,2,169900,0,339800,INR,UK,Delhi,Online,UPI
194,ORD1194,38,2,36,2022-08-19,2,89900,0,179800,INR,Australia,Seoul,Reseller,Cash
195,ORD1195,66,4,15,2022-10-02,2,129900,5000,254800,INR,India,Tokyo,Retail,Net Banking
196,ORD1196,14,8,39,2024-06-14,1,149900,0,149900,INR,UAE,Dubai,Online,Net Banking
197,ORD1197,16,8,27,2024-04-10,2,149900,10000,289800,INR,South Korea,Rome,Retail,Cash
198,ORD1198,18,7,27,2024-04-04,1,129900,5000,124900,INR,Italy,Chicago,Apple Store,Cash
199,ORD1199,69,6,42,2023-12-22,2,109900,0,219800,INR,South Korea,Shanghai,Online,UPI
200,ORD1200,97,14,8,2022-10-11,1,129900,10000,119900,INR,UK,Manchester,Retail,Debit Card
202,ORD1202,82,3,52,2023-06-12,2,119900,10000,229800,INR,Italy,Tokyo,Reseller,Debit Card
203,ORD1203,75,1,12,2024-01-19,2,79900,10000,149800,INR,Italy,Delhi,Reseller,UPI
205,ORD1205,63,11,7,2022-02-17,1,139900,10000,129900,INR,Australia,Mumbai,Online,UPI
206,ORD1206,57,15,1,2024-09-08,2,149900,0,299800,INR,UK,Beijing,Retail,Debit Card
207,ORD1207,12,12,33,2022-03-26,2,159900,10000,309800,INR,UK,Bangalore,Reseller,Debit Card
208,ORD1208,93,8,55,2023-11-03,1,149900,10000,139900,INR,USA,Mumbai,Retail,Net Banking
209,ORD1209,10,5,29,2023-06-16,2,99900,0,199800,INR,India,Ahmedabad,Online,Net Banking
211,ORD1211,48,10,18,2023-01-27,1,119900,10000,109900,INR,UK,Delhi,Online,Cash
212,ORD1212,84,6,57,2022-12-26,1,109900,10000,99900,INR,UK,Rome,Reseller,UPI
213,ORD1213,12,4,18,2024-02-10,1,129900,5000,124900,INR,Japan,Dubai,Reseller,Debit Card
214,ORD1214,18,8,36,2023-10-23,1,149900,0,149900,INR,Mexico,Madrid,Apple Store,Credit Card
215,ORD1215,85,10,27,2023-06-15,1,119900,10000,109900,INR,Japan,Beijing,Online,UPI
216,ORD1216,64,13,15,2022-09-04,2,119900,10000,229800,INR,South Korea,Delhi,Online,Debit Card
217,ORD1217,41,5,50,2024-05-31,2,99900,0,199800,INR,Mexico,Los Angeles,Reseller,Credit Card
218,ORD1218,3,3,2,2022-09-26,1,119900,0,119900,INR,India,Mexico City,Apple Store,Cash
219,ORD1219,99,14,55,2023-12-20,2,129900,0,259800,INR,Mexico,Chicago,Retail,Debit Card
220,ORD1220,11,10,11,2023-06-08,1,119900,0,119900,INR,Mexico,Ahmedabad,Reseller,Cash
221,ORD1221,82,3,40,2023-12-17,2,119900,10000,229800,INR,China,Bangalore,Retail,Credit Card
222,ORD1222,56,4,59,2023-09-19,1,129900,0,129900,INR,UK,Pune,Online,UPI
223,ORD1223,90,1,21,2023-05-24,2,79900,5000,154800,INR,Mexico,Shanghai,Retail,Debit Card
224,ORD1224,17,9,16,2024-02-29,1,109900,0,109900,INR,Japan,Shanghai,Online,Debit Card
226,ORD1226,21,9,14,2024-07-04,1,109900,0,109900,INR,Mexico,Mumbai,Online,Credit Card
228,ORD1228,42,8,54,2024-07-26,2,149900,0,299800,INR,USA,Seoul,Apple Store,Credit Card
229,ORD1229,65,2,23,2022-08-17,1,89900,0,89900,INR,USA,Tokyo,Apple Store,Debit Card
230,ORD1230,42,3,59,2022-01-09,2,119900,0,239800,INR,UAE,Seoul,Apple Store,Cash
231,ORD1231,32,15,48,2023-08-29,2,149900,0,299800,INR,Mexico,Manchester,Retail,Credit Card
232,ORD1232,53,1,30,2023-07-09,2,79900,10000,149800,INR,India,Ahmedabad,Online,Net Banking
233,ORD1233,95,10,14,2022-07-30,1,119900,0,119900,INR,Australia,Bangalore,Retail,Debit Card
234,ORD1234,12,2,30,2024-07-07,2,89900,10000,169800,INR,Italy,Tokyo,Online,Cash
235,ORD1235,13,5,51,2022-03-18,1,99900,0,99900,INR,UK,Manchester,Apple Store,Debit Card
236,ORD1236,41,13,42,2022-11-22,2,119900,0,239800,INR,China,Delhi,Retail,UPI
237,ORD1237,100,4,20,2022-04-19,1,129900,0,129900,INR,Australia,Ahmedabad,Reseller,Credit Card
238,ORD1238,69,12,27,2023-04-08,2,159900,0,319800,INR,UAE,Pune,Online,UPI
239,ORD1239,88,10,6,2022-08-09,2,119900,0,239800,INR,USA,Manchester,Apple Store,Net Banking
240,ORD1240,66,2,39,2022-09-24,1,89900,0,89900,INR,Japan,Tokyo,Retail,Credit Card
241,ORD1241,60,4,18,2022-05-05,1,129900,0,129900,INR,China,New York,Retail,Net Banking
242,ORD1242,48,3,34,2024-07-28,1,119900,0,119900,INR,USA,London,Reseller,UPI
243,ORD1243,12,11,16,2022-02-13,2,139900,0,279800,INR,UK,Seoul,Reseller,Net Banking
244,ORD1244,64,1,49,2023-12-01,2,79900,0,159800,INR,Italy,London,Retail,Debit Card
245,ORD1245,36,15,20,2022-02-05,1,149900,10000,139900,INR,UAE,Sydney,Reseller,Cash
246,ORD1246,62,2,12,2022-10-14,2,89900,0,179800,INR,Japan,London,Retail,Cash
247,ORD1247,3,13,46,2023-05-07,2,119900,0,239800,INR,South Korea,Toronto,Apple Store,Net Banking
248,ORD1248,35,6,4,2022-11-23,1,109900,0,109900,INR,UAE,Bangalore,Reseller,Cash
249,ORD1249,46,8,21,2022-04-13,1,149900,10000,139900,INR,China,Shanghai,Online,UPI
250,ORD1250,74,13,46,2024-08-15,1,119900,0,119900,INR,China,Seoul,Apple Store,Debit Card
251,ORD1251,76,1,46,2024-08-28,1,79900,5000,74900,INR,China,Sydney,Apple Store,UPI
252,ORD1252,63,2,12,2022-02-27,1,89900,5000,84900,INR,China,Mumbai,Reseller,Credit Card
253,ORD1253,43,7,17,2022-12-15,1,129900,0,129900,INR,India,Mumbai,Retail,Cash
254,ORD1254,91,5,15,2024-05-16,2,99900,0,199800,INR,Italy,Mexico City,Online,Debit Card
255,ORD1255,39,11,18,2024-09-26,1,139900,10000,129900,INR,Japan,Sydney,Apple Store,UPI
256,ORD1256,91,12,29,2023-11-13,1,159900,0,159900,INR,UAE,Beijing,Retail,UPI
257,ORD1257,94,1,51,2024-05-21,1,79900,0,79900,INR,South Korea,Ahmedabad,Retail,Cash
258,ORD1258,14,16,19,2022-12-06,1,169900,0,169900,INR,Italy,Ahmedabad,Retail,Credit Card
259,ORD1259,91,11,58,2022-01-12,2,139900,0,279800,INR,China,Delhi,Apple Store,Debit Card
260,ORD1260,14,1,7,2023-01-31,2,79900,10000,149800,INR,Japan,Los Angeles,Reseller,Net Banking
261,ORD1261,49,12,49,2022-04-14,2,159900,5000,314800,INR,China,Los Angeles,Reseller,Credit Card
262,ORD1262,5,10,3,2022-11-23,2,119900,0,239800,INR,USA,Ahmedabad,Retail,Net Banking
263,ORD1263,21,3,12,2022-12-13,2,119900,10000,229800,INR,India,Rome,Retail,Cash
264,ORD1264,56,6,7,2022-04-14,2,109900,0,219800,INR,China,Rome,Apple Store,Debit Card
265,ORD1265,39,8,13,2022-02-20,2,149900,5000,294800,INR,Mexico,Sydney,Retail,Credit Card
266,ORD1266,47,1,55,2022-03-31,2,79900,10000,149800,INR,South Korea,Sydney,Retail,Credit Card
267,ORD1267,4,7,22,2023-10-16,2,129900,0,259800,INR,Australia,Pune,Apple Store,Net Banking
268,ORD1268,61,16,34,2022-04-04,2,169900,0,339800,INR,Italy,Mexico City,Apple Store,UPI
269,ORD1269,58,2,34,2023-03-27,2,89900,0,179800,INR,China,Shanghai,Online,UPI
270,ORD1270,97,4,11,2023-11-16,2,129900,5000,254800,INR,Japan,Seoul,Retail,Cash
271,ORD1271,8,13,54,2024-09-15,2,119900,5000,234800,INR,China,Sydney,Apple Store,Credit Card
273,ORD1273,25,5,6,2023-03-10,1,99900,10000,89900,INR,Japan,London,Retail,Cash
274,ORD1274,34,11,9,2022-03-31,2,139900,5000,274800,INR,Japan,Chicago,Apple Store,Debit Card
275,ORD1275,67,15,2,2024-03-16,2,149900,0,299800,INR,Japan,New York,Retail,Cash
276,ORD1276,76,4,14,2023-07-31,1,129900,0,129900,INR,Mexico,Dubai,Reseller,Debit Card
278,ORD1278,51,11,31,2022-02-20,2,139900,0,279800,INR,Italy,Mumbai,Apple Store,Debit Card
280,ORD1280,35,14,12,2022-07-12,2,129900,0,259800,INR,Japan,Sydney,Apple Store,Credit Card
281,ORD1281,66,6,9,2022-11-15,2,109900,0,219800,INR,Mexico,Seoul,Online,UPI
282,ORD1282,25,7,8,2022-09-13,1,129900,0,129900,INR,India,Dubai,Retail,Debit Card
284,ORD1284,77,15,23,2024-09-10,2,149900,5000,294800,INR,Mexico,Dubai,Apple Store,UPI
285,ORD1285,34,3,37,2022-01-29,2,119900,0,239800,INR,UK,Seoul,Retail,UPI
286,ORD1286,83,8,27,2022-10-03,2,149900,5000,294800,INR,India,Mumbai,Reseller,UPI
287,ORD1287,83,6,2,2022-08-18,2,109900,5000,214800,INR,UAE,Shanghai,Reseller,Net Banking
288,ORD1288,45,15,33,2022-08-12,2,149900,0,299800,INR,Mexico,Madrid,Reseller,Cash
289,ORD1289,14,1,48,2023-07-29,2,79900,0,159800,INR,USA,Sydney,Online,Debit Card
290,ORD1290,36,11,36,2022-09-25,2,139900,0,279800,INR,UK,Toronto,Retail,Credit Card
291,ORD1291,77,13,41,2023-11-29,1,119900,10000,109900,INR,India,Sydney,Apple Store,Debit Card
292,ORD1292,54,13,50,2024-01-25,1,119900,5000,114900,INR,South Korea,London,Apple Store,UPI
293,ORD1293,88,16,46,2023-06-04,2,169900,0,339800,INR,Mexico,Los Angeles,Apple Store,Credit Card
294,ORD1294,61,5,34,2024-01-13,1,99900,10000,89900,INR,Italy,Delhi,Retail,Debit Card
295,ORD1295,29,10,54,2024-03-18,2,119900,0,239800,INR,UAE,Seoul,Apple Store,Net Banking
296,ORD1296,16,16,7,2024-06-06,1,169900,0,169900,INR,China,Toronto,Online,Net Banking
297,ORD1297,68,10,53,2022-02-25,1,119900,0,119900,INR,China,Ahmedabad,Reseller,Cash
298,ORD1298,59,5,41,2024-06-02,1,99900,0,99900,INR,Australia,Ahmedabad,Retail,Debit Card
299,ORD1299,82,2,1,2023-04-08,2,89900,0,179800,INR,UK,Seoul,Retail,Net Banking
300,ORD1300,98,3,17,2023-09-22,2,119900,10000,229800,INR,Japan,Mexico City,Reseller,Net Banking
301,ORD1301,50,1,5,2023-07-01,1,79900,10000,69900,INR,Italy,Mumbai,Apple Store,Cash
302,ORD1302,25,1,1,2023-10-04,1,79900,0,79900,INR,Italy,Beijing,Retail,Credit Card
303,ORD1303,50,10,22,2022-03-08,1,119900,0,119900,INR,UAE,Tokyo,Apple Store,Net Banking
304,ORD1304,88,5,44,2024-07-12,2,99900,0,199800,INR,China,Los Angeles,Reseller,Credit Card
305,ORD1305,30,8,17,2022-08-05,1,149900,5000,144900,INR,Mexico,Los Angeles,Online,Debit Card
306,ORD1306,92,2,49,2024-06-16,2,89900,5000,174800,INR,South Korea,Bangalore,Online,Credit Card
307,ORD1307,84,1,7,2023-12-08,1,79900,0,79900,INR,Australia,Mexico City,Online,Cash
308,ORD1308,33,16,20,2022-07-30,1,169900,0,169900,INR,Japan,Pune,Apple Store,Cash
309,ORD1309,78,5,54,2024-04-30,1,99900,5000,94900,INR,South Korea,Pune,Apple Store,Credit Card
310,ORD1310,14,16,26,2023-09-16,1,169900,0,169900,INR,Mexico,London,Apple Store,Net Banking
311,ORD1311,38,6,6,2023-07-16,2,109900,0,219800,INR,Australia,Ahmedabad,Retail,Credit Card
312,ORD1312,2,3,15,2024-05-05,2,119900,0,239800,INR,USA,Toronto,Online,Credit Card
313,ORD1313,33,8,59,2024-09-27,2,149900,0,299800,INR,Australia,Bangalore,Online,UPI
314,ORD1314,6,10,47,2024-03-31,2,119900,0,239800,INR,USA,Pune,Online,Credit Card
315,ORD1315,18,6,43,2023-01-02,2,109900,5000,214800,INR,UAE,Delhi,Apple Store,Debit Card
316,ORD1316,24,4,52,2023-02-14,2,129900,0,259800,INR,Japan,Sydney,Reseller,UPI
317,ORD1317,15,5,8,2024-08-23,1,99900,0,99900,INR,Japan,Seoul,Reseller,Cash
318,ORD1318,87,15,24,2023-09-18,2,149900,0,299800,INR,South Korea,Mumbai,Retail,Net Banking
319,ORD1319,63,4,53,2023-03-28,1,129900,0,129900,INR,UAE,Ahmedabad,Online,Cash
320,ORD1320,99,8,44,2023-06-16,1,149900,0,149900,INR,China,Sydney,Apple Store,Net Banking
321,ORD1321,20,2,2,2023-10-21,1,89900,5000,84900,INR,Australia,Sydney,Retail,Credit Card
322,ORD1322,97,16,42,2022-09-04,2,169900,0,339800,INR,India,Toronto,Retail,Cash
323,ORD1323,83,13,52,2024-04-16,1,119900,0,119900,INR,Australia,Tokyo,Reseller,Credit Card
324,ORD1324,64,15,41,2022-05-02,2,149900,10000,289800,INR,India,Pune,Reseller,Net Banking
325,ORD1325,5,1,12,2024-03-21,2,79900,5000,154800,INR,Mexico,London,Reseller,Debit Card
326,ORD1326,47,2,29,2024-05-14,2,89900,0,179800,INR,Mexico,Madrid,Reseller,Debit Card
327,ORD1327,92,15,15,2022-04-10,1,149900,0,149900,INR,Italy,Dubai,Apple Store,Cash
328,ORD1328,67,12,14,2022-02-16,1,159900,0,159900,INR,UK,Rome,Online,Debit Card
329,ORD1329,79,7,25,2022-05-04,2,129900,0,259800,INR,Australia,London,Apple Store,Credit Card
330,ORD1330,97,14,6,2024-08-06,1,129900,0,129900,INR,Australia,Seoul,Retail,Net Banking
331,ORD1331,1,2,56,2024-05-08,2,89900,5000,174800,INR,UK,Seoul,Retail,UPI
332,ORD1332,14,13,42,2023-06-01,2,119900,0,239800,INR,South Korea,Manchester,Apple Store,Net Banking
333,ORD1333,44,10,58,2024-04-04,1,119900,0,119900,INR,Japan,Madrid,Apple Store,Cash
334,ORD1334,41,7,26,2022-08-03,2,129900,10000,249800,INR,Italy,New York,Retail,Cash
335,ORD1335,70,11,15,2024-02-19,2,139900,5000,274800,INR,Australia,Seoul,Reseller,Cash
336,ORD1336,37,14,2,2023-06-20,1,129900,0,129900,INR,Japan,New York,Online,Credit Card
337,ORD1337,26,9,21,2022-10-21,2,109900,0,219800,INR,India,Beijing,Retail,Cash
338,ORD1338,5,12,58,2022-04-15,1,159900,10000,149900,INR,Mexico,Mexico City,Retail,Cash
339,ORD1339,90,10,7,2024-08-06,2,119900,0,239800,INR,Japan,Ahmedabad,Online,Credit Card
340,ORD1340,96,9,26,2023-09-28,2,109900,0,219800,INR,Italy,Seoul,Retail,UPI
341,ORD1341,38,15,23,2023-12-01,1,149900,0,149900,INR,UK,Toronto,Online,Net Banking
342,ORD1342,6,14,36,2023-07-24,2,129900,0,259800,INR,UK,Seoul,Apple Store,Credit Card
343,ORD1343,43,15,20,2022-02-10,1,149900,0,149900,INR,South Korea,Bangalore,Apple Store,Net Banking
344,ORD1344,74,12,10,2024-03-13,2,159900,5000,314800,INR,China,Los Angeles,Online,Cash
345,ORD1345,21,14,52,2022-04-05,2,129900,0,259800,INR,China,Ahmedabad,Apple Store,Debit Card
347,ORD1347,80,8,6,2023-11-30,2,149900,0,299800,INR,USA,Mexico City,Apple Store,Cash
348,ORD1348,93,10,4,2024-07-22,2,119900,5000,234800,INR,Mexico,Tokyo,Reseller,Credit Card
349,ORD1349,38,7,42,2023-06-11,1,129900,0,129900,INR,UK,Chicago,Online,Credit Card
350,ORD1350,27,7,55,2024-05-05,1,129900,0,129900,INR,Mexico,Rome,Online,UPI
351,ORD1351,4,15,43,2022-02-08,1,149900,0,149900,INR,India,Los Angeles,Apple Store,Cash
352,ORD1352,10,8,34,2023-02-22,2,149900,0,299800,INR,Japan,Rome,Apple Store,Credit Card
353,ORD1353,50,4,1,2023-10-19,1,129900,10000,119900,INR,South Korea,Bangalore,Online,Debit Card
354,ORD1354,65,4,38,2024-03-16,2,129900,5000,254800,INR,USA,Beijing,Reseller,Net Banking
356,ORD1356,39,12,2,2023-07-21,1,159900,0,159900,INR,India,Mumbai,Reseller,Cash
357,ORD1357,71,3,40,2022-08-04,2,119900,0,239800,INR,Japan,Toronto,Retail,UPI
358,ORD1358,24,8,33,2022-07-18,1,149900,0,149900,INR,South Korea,Bangalore,Reseller,Cash
359,ORD1359,10,10,9,2022-09-14,1,119900,0,119900,INR,South Korea,Sydney,Apple Store,Debit Card
360,ORD1360,17,8,13,2022-10-19,1,149900,0,149900,INR,Italy,Sydney,Reseller,Debit Card
361,ORD1361,79,10,20,2023-08-03,2,119900,0,239800,INR,Japan,Los Angeles,Online,Debit Card
362,ORD1362,32,8,56,2022-10-11,2,149900,0,299800,INR,Italy,Sydney,Reseller,Net Banking
364,ORD1364,69,7,34,2024-01-22,1,129900,10000,119900,INR,USA,Mumbai,Online,Cash
365,ORD1365,75,13,28,2024-07-17,1,119900,5000,114900,INR,UAE,Chicago,Reseller,UPI
366,ORD1366,47,13,29,2024-07-01,2,119900,0,239800,INR,Australia,Toronto,Online,Net Banking
367,ORD1367,47,1,31,2024-05-18,1,79900,5000,74900,INR,UK,Tokyo,Retail,UPI
369,ORD1369,34,12,30,2022-02-13,1,159900,5000,154900,INR,Italy,Mexico City,Reseller,Net Banking
370,ORD1370,6,2,42,2022-04-16,2,89900,10000,169800,INR,UAE,Seoul,Retail,Net Banking
371,ORD1371,84,13,47,2023-08-25,1,119900,5000,114900,INR,UAE,Mexico City,Retail,Cash
372,ORD1372,52,12,45,2023-05-14,2,159900,5000,314800,INR,India,Toronto,Retail,Net Banking
373,ORD1373,22,8,10,2023-06-11,2,149900,0,299800,INR,UK,Los Angeles,Retail,Debit Card
374,ORD1374,78,4,30,2023-03-01,2,129900,10000,249800,INR,USA,Sydney,Reseller,Net Banking
375,ORD1375,27,6,53,2022-01-23,1,109900,0,109900,INR,UK,Seoul,Retail,UPI
376,ORD1376,81,2,19,2022-02-27,1,89900,0,89900,INR,UK,Toronto,Reseller,Cash
377,ORD1377,73,1,37,2024-08-27,1,79900,0,79900,INR,Australia,Madrid,Reseller,Net Banking
378,ORD1378,22,8,53,2023-09-08,1,149900,5000,144900,INR,UK,Madrid,Apple Store,UPI
379,ORD1379,93,11,59,2023-09-03,1,139900,0,139900,INR,Japan,Mexico City,Retail,Credit Card
382,ORD1382,67,14,48,2024-06-14,1,129900,10000,119900,INR,Mexico,Rome,Retail,Net Banking
383,ORD1383,99,13,45,2023-08-27,1,119900,0,119900,INR,UK,Shanghai,Reseller,UPI
384,ORD1384,11,10,53,2022-09-21,1,119900,0,119900,INR,India,Seoul,Online,Cash
385,ORD1385,1,13,27,2023-12-06,2,119900,0,239800,INR,Italy,Pune,Retail,Net Banking
386,ORD1386,84,9,34,2024-05-25,2,109900,5000,214800,INR,Italy,Madrid,Apple Store,Net Banking
387,ORD1387,97,7,53,2023-07-20,2,129900,0,259800,INR,Italy,Chicago,Reseller,Debit Card
388,ORD1388,40,12,51,2024-01-24,1,159900,10000,149900,INR,USA,Manchester,Reseller,UPI
389,ORD1389,13,7,52,2024-03-15,2,129900,5000,254800,INR,South Korea,Bangalore,Retail,Net Banking
390,ORD1390,82,1,12,2024-04-23,1,79900,0,79900,INR,South Korea,Rome,Online,Credit Card
391,ORD1391,34,8,48,2022-03-23,1,149900,10000,139900,INR,Japan,Mexico City,Apple Store,Cash
393,ORD1393,77,8,22,2023-11-22,1,149900,0,149900,INR,China,Mumbai,Retail,Credit Card
394,ORD1394,36,13,46,2023-11-17,2,119900,0,239800,INR,South Korea,London,Online,Credit Card
395,ORD1395,12,10,45,2022-12-22,2,119900,0,239800,INR,South Korea,London,Reseller,Net Banking
396,ORD1396,74,1,34,2022-06-29,2,79900,5000,154800,INR,USA,Chicago,Online,Cash
397,ORD1397,38,11,15,2024-04-02,2,139900,5000,274800,INR,South Korea,Shanghai,Reseller,Net Banking
398,ORD1398,73,16,32,2024-02-15,2,169900,0,339800,INR,Australia,Seoul,Online,Net Banking
399,ORD1399,15,9,9,2023-01-27,1,109900,10000,99900,INR,China,Ahmedabad,Reseller,Debit Card
400,ORD1400,67,1,34,2022-09-12,2,79900,0,159800,INR,Japan,Ahmedabad,Online,Cash
401,ORD1401,23,16,41,2022-12-29,1,169900,5000,164900,INR,UAE,Los Angeles,Retail,Net Banking
402,ORD1402,95,7,31,2024-01-24,1,129900,0,129900,INR,China,Manchester,Retail,UPI
403,ORD1403,80,12,20,2024-03-08,1,159900,0,159900,INR,USA,Sydney,Online,Cash
404,ORD1404,6,16,48,2023-09-28,2,169900,0,339800,INR,South Korea,Shanghai,Reseller,UPI
405,ORD1405,98,9,51,2022-08-16,1,109900,0,109900,INR,Mexico,Rome,Reseller,Cash
406,ORD1406,5,12,51,2024-05-31,1,159900,0,159900,INR,USA,Toronto,Reseller,Debit Card
407,ORD1407,89,1,2,2023-11-22,1,79900,0,79900,INR,South Korea,Pune,Apple Store,Debit Card
408,ORD1408,79,9,24,2023-07-16,2,109900,0,219800,INR,UAE,Sydney,Apple Store,Debit Card
409,ORD1409,24,16,55,2022-08-04,2,169900,10000,329800,INR,Italy,Dubai,Reseller,Debit Card
410,ORD1410,58,6,17,2023-08-13,1,109900,0,109900,INR,UAE,Manchester,Reseller,Net Banking
411,ORD1411,26,5,20,2023-04-30,1,99900,0,99900,INR,Japan,Sydney,Retail,Cash
413,ORD1413,89,6,8,2022-08-09,2,109900,0,219800,INR,USA,Tokyo,Apple Store,Debit Card
414,ORD1414,47,12,33,2022-12-19,1,159900,0,159900,INR,USA,Dubai,Retail,Cash
415,ORD1415,74,6,37,2022-12-30,2,109900,10000,209800,INR,Mexico,Sydney,Reseller,Credit Card
416,ORD1416,49,10,60,2023-10-09,1,119900,0,119900,INR,Italy,Rome,Reseller,Credit Card
417,ORD1417,11,6,44,2022-08-22,2,109900,0,219800,INR,UAE,Shanghai,Reseller,Debit Card
418,ORD1418,57,12,58,2023-02-28,1,159900,0,159900,INR,India,New York,Retail,Debit Card
419,ORD1419,96,3,27,2022-06-20,2,119900,0,239800,INR,USA,Delhi,Reseller,Cash
420,ORD1420,7,1,51,2023-06-21,1,79900,0,79900,INR,UAE,Madrid,Retail,Credit Card
421,ORD1421,84,13,40,2022-08-23,1,119900,10000,109900,INR,UAE,Tokyo,Retail,UPI
422,ORD1422,68,6,4,2022-02-05,2,109900,0,219800,INR,Australia,Tokyo,Apple Store,Cash
423,ORD1423,57,5,23,2023-08-29,2,99900,10000,189800,INR,South Korea,Rome,Apple Store,Debit Card
424,ORD1424,62,8,12,2023-03-29,2,149900,0,299800,INR,Japan,Shanghai,Retail,Debit Card
425,ORD1425,2,1,18,2022-12-19,2,79900,0,159800,INR,Mexico,Mumbai,Reseller,Net Banking
426,ORD1426,39,1,56,2024-03-28,2,79900,5000,154800,INR,China,Mumbai,Apple Store,UPI
427,ORD1427,53,14,51,2022-09-13,1,129900,10000,119900,INR,Japan,Mexico City,Retail,Debit Card
428,ORD1428,11,14,31,2023-06-14,2,129900,0,259800,INR,Mexico,Shanghai,Reseller,UPI
429,ORD1429,9,6,18,2022-10-24,1,109900,10000,99900,INR,Australia,Madrid,Reseller,Debit Card
430,ORD1430,90,16,25,2022-11-25,1,169900,0,169900,INR,India,Chicago,Online,UPI
431,ORD1431,14,10,35,2022-05-09,2,119900,10000,229800,INR,India,Manchester,Online,UPI
432,ORD1432,2,16,28,2022-12-17,2,169900,0,339800,INR,Australia,Dubai,Reseller,Credit Card
433,ORD1433,43,3,19,2022-02-27,2,119900,0,239800,INR,USA,Chicago,Reseller,UPI
434,ORD1434,25,9,49,2024-04-28,1,109900,0,109900,INR,China,Mexico City,Reseller,UPI
435,ORD1435,95,2,26,2023-04-17,1,89900,5000,84900,INR,China,Sydney,Reseller,Debit Card
436,ORD1436,42,6,6,2024-02-02,1,109900,0,109900,INR,Australia,Beijing,Retail,Debit Card
437,ORD1437,7,7,15,2022-08-30,2,129900,0,259800,INR,India,Los Angeles,Apple Store,Cash
438,ORD1438,16,13,32,2022-01-10,1,119900,5000,114900,INR,Australia,Madrid,Retail,Debit Card
439,ORD1439,99,3,32,2022-06-11,2,119900,0,239800,INR,South Korea,Ahmedabad,Online,Credit Card
440,ORD1440,46,5,14,2022-05-09,2,99900,0,199800,INR,Italy,Chicago,Apple Store,Net Banking
441,ORD1441,94,7,3,2023-12-07,2,129900,0,259800,INR,UK,Shanghai,Online,Net Banking
442,ORD1442,91,15,38,2023-07-10,2,149900,0,299800,INR,South Korea,Los Angeles,Apple Store,Debit Card
443,ORD1443,94,15,36,2024-06-07,1,149900,0,149900,INR,Mexico,New York,Reseller,Debit Card
444,ORD1444,34,12,59,2022-01-01,2,159900,10000,309800,INR,UK,Mumbai,Apple Store,Cash
445,ORD1445,31,11,9,2023-11-06,2,139900,0,279800,INR,Mexico,Sydney,Retail,Cash
446,ORD1446,37,11,53,2023-10-19,2,139900,0,279800,INR,USA,Toronto,Online,Credit Card
447,ORD1447,17,6,5,2022-07-26,1,109900,0,109900,INR,China,Pune,Online,Cash
449,ORD1449,27,16,11,2023-04-25,1,169900,0,169900,INR,Mexico,Rome,Apple Store,Credit Card
450,ORD1450,79,9,6,2024-01-22,1,109900,0,109900,INR,USA,London,Online,Credit Card
451,ORD1451,93,8,50,2022-07-14,1,149900,5000,144900,INR,China,Seoul,Retail,Cash
452,ORD1452,96,14,14,2024-02-24,2,129900,10000,249800,INR,Australia,Rome,Online,UPI
454,ORD1454,71,11,48,2023-02-27,2,139900,10000,269800,INR,Italy,Madrid,Retail,Cash
455,ORD1455,70,7,49,2024-02-24,2,129900,0,259800,INR,Australia,Tokyo,Reseller,Credit Card
456,ORD1456,93,2,37,2023-09-03,1,89900,5000,84900,INR,UK,Beijing,Online,Debit Card
457,ORD1457,29,7,41,2022-01-23,2,129900,5000,254800,INR,Mexico,Chicago,Retail,Credit Card
458,ORD1458,5,15,46,2022-06-09,1,149900,0,149900,INR,Italy,Seoul,Retail,UPI
459,ORD1459,33,10,12,2023-08-08,2,119900,5000,234800,INR,China,Delhi,Apple Store,Net Banking
460,ORD1460,23,16,13,2023-09-02,2,169900,0,339800,INR,South Korea,Mexico City,Online,Credit Card
461,ORD1461,99,11,45,2024-06-19,2,139900,0,279800,INR,USA,Manchester,Online,Net Banking
462,ORD1462,7,10,6,2022-11-23,1,119900,0,119900,INR,Mexico,Manchester,Retail,Credit Card
463,ORD1463,87,13,58,2024-02-10,1,119900,0,119900,INR,Japan,Beijing,Reseller,UPI
464,ORD1464,17,11,11,2023-05-03,1,139900,5000,134900,INR,Japan,Shanghai,Online,Net Banking
465,ORD1465,65,14,17,2024-02-20,1,129900,0,129900,INR,Mexico,London,Reseller,Net Banking
466,ORD1466,84,7,32,2022-09-06,1,129900,0,129900,INR,Japan,Ahmedabad,Online,Credit Card
467,ORD1467,86,14,55,2023-01-10,2,129900,0,259800,INR,Italy,Dubai,Online,Debit Card
468,ORD1468,22,12,57,2023-10-01,1,159900,0,159900,INR,India,Manchester,Retail,Debit Card
469,ORD1469,20,3,15,2024-01-28,1,119900,0,119900,INR,South Korea,New York,Apple Store,Credit Card
470,ORD1470,44,4,40,2023-04-06,2,129900,0,259800,INR,Italy,London,Retail,UPI
472,ORD1472,22,2,37,2022-07-25,2,89900,0,179800,INR,Australia,Mumbai,Online,Net Banking
473,ORD1473,85,9,47,2024-06-04,1,109900,0,109900,INR,UAE,Mexico City,Retail,Net Banking
474,ORD1474,66,4,41,2023-05-12,1,129900,0,129900,INR,China,Toronto,Reseller,Cash
475,ORD1475,92,1,6,2022-09-11,2,79900,0,159800,INR,Australia,Mexico City,Retail,Credit Card
476,ORD1476,45,12,46,2023-10-03,2,159900,0,319800,INR,Mexico,Shanghai,Online,Debit Card
477,ORD1477,50,1,36,2022-08-19,1,79900,0,79900,INR,Japan,New York,Online,Net Banking
478,ORD1478,67,8,54,2022-09-04,1,149900,0,149900,INR,UAE,Madrid,Apple Store,Net Banking
479,ORD1479,70,5,27,2023-10-31,1,99900,5000,94900,INR,Mexico,London,Retail,Debit Card
480,ORD1480,89,5,56,2024-07-19,1,99900,10000,89900,INR,South Korea,Los Angeles,Apple Store,Credit Card
481,ORD1481,72,4,24,2022-11-22,1,129900,10000,119900,INR,India,Ahmedabad,Reseller,Net Banking
482,ORD1482,39,15,36,2022-06-05,1,149900,0,149900,INR,UK,Los Angeles,Online,Cash
483,ORD1483,79,9,30,2023-09-03,1,109900,0,109900,INR,India,Dubai,Online,Net Banking
484,ORD1484,18,16,48,2022-07-08,2,169900,0,339800,INR,Australia,New York,Retail,UPI
485,ORD1485,29,2,53,2024-02-22,1,89900,0,89900,INR,Japan,Manchester,Retail,UPI
486,ORD1486,9,6,57,2024-06-06,2,109900,10000,209800,INR,Italy,Tokyo,Retail,Net Banking
487,ORD1487,52,2,49,2024-01-08,2,89900,0,179800,INR,South Korea,Seoul,Online,Cash
488,ORD1488,14,15,59,2024-04-26,1,149900,0,149900,INR,Mexico,Chicago,Reseller,Credit Card
489,ORD1489,72,13,7,2022-07-14,2,119900,0,239800,INR,Japan,Beijing,Apple Store,Net Banking
490,ORD1490,22,14,38,2023-09-20,1,129900,10000,119900,INR,Mexico,New York,Reseller,Net Banking
491,ORD1491,12,4,24,2024-03-08,1,129900,0,129900,INR,Japan,Ahmedabad,Reseller,Credit Card
492,ORD1492,23,15,26,2024-06-22,2,149900,0,299800,INR,UAE,Ahmedabad,Retail,Credit Card
493,ORD1493,12,4,58,2023-10-12,2,129900,0,259800,INR,Mexico,Mexico City,Retail,Net Banking
494,ORD1494,71,13,6,2024-02-26,1,119900,0,119900,INR,South Korea,New York,Retail,UPI
495,ORD1495,23,2,54,2022-11-12,2,89900,10000,169800,INR,Australia,Beijing,Retail,Credit Card
496,ORD1496,17,7,1,2023-09-30,2,129900,0,259800,INR,Australia,Sydney,Reseller,Cash
497,ORD1497,1,16,31,2022-08-11,2,169900,0,339800,INR,Japan,Tokyo,Online,Cash
498,ORD1498,77,1,32,2024-06-22,2,79900,5000,154800,INR,Mexico,London,Online,UPI
499,ORD1499,19,2,45,2022-02-07,1,89900,0,89900,INR,South Korea,Madrid,Apple Store,Debit Card
500,ORD1500,12,2,14,2023-03-03,1,89900,0,89900,INR,UAE,Madrid,Retail,Net Banking
